MZ-RM-M520-06, d397e6a81ea4
MZ-RM-M520-06, d51c94a9c2f8
MZ-RM-M520-06, d4e1143c45cc
MZ-RM-M520-06, c52ec39876e9
MZ-RM-M520-06, f9e59df9cf27
MZ-RM-M520-06, c7cc3fe64925
MZ-RM-M520-06, ce4562fb980f
MZ-RM-M520-06, ec4030d57234
ML_RM_035, da84577a660d
ML_RM_035, ee67da627d3f
ML_RM_035, d823b66d94da
ML_RM_035, d3ae8aa76c78
ML_RM_035, fc4d57607a53
ML_RM_035, ff6a2c0a5ebf
ML_RM_035, fb2af37f6197
ML_RM_035, e96b6086f532
ML_RM_035, d14df41fd056
ML_RM_035, c36112d11da4
ML_RM_035, ca7e95882fcb
ML_RM_035, c125d4e2e476
ML_RM_035, ee15d2a61917
ML_RM_035, f0dbe575dac2
ML_RM_001, c96c76b9e088
ML_RM_001, e183e71340ec
ML_RM_001, e5b80ea76285
ML_RM_001, c267b5e6292c
ML_RM_001, d4c614c14ebd
ML_RM_001, ec6163a07037
ML_RM_001, c5283250121b
ML_RM_001, c99ea1f14088
ML_RM_001, cd52b214d682
ML_RM_001, d2802e025029
ML_RM_001, f70a78249eb0
ML_RM_001, ef3ed5651011
ML_RM_001, fe537fd6e2b0
ML_RM_001, c234be274d3f
ML_RM_001, e63aa831221f
ML_RM_001, f9dbec446bf0
ML_RM_001, e5970c50486b
ML_RM_001, dc315e488c39
ML_RM_001, f94692ecf126
ML_RM_001, ec989423037a
ML_RM_001, dda34751942f
ML_RM_001, e7f2b1519ed5
MZ-RM-M520-10, ecdc3f827afd
MZ-RM-M520-10, ca22e630b814
MZ-RM-M520-10, d744b4d7dd31
MZ-RM-M520-10, d55d26237327
MZ-RM-M520-10, c28910583f6a
MZ-RM-M520-10, e283e2c3d072
MZ-RM-M520-10, d608ccaecf6f
MZ-RM-M520-10, c0fef72455b7
MZ-RM-M520-10, d26deebb6720
MZ-RM-M520-10, c6c22eee9526
MZ-RM-M520-10, f530b78a1a65
MZ-RM-M520-10, f0d7d4a9cea6
MZ-RM-M520-10, cbb345c0613f
MZ-RM-M520-10, d416fef8e4f1
MZ-RM-M520-10, d243f11e0a6a
MZ-RM-M520-10, f4b6ed0e4435
MZ-RM-M520-10, c4094088514b
MZ-RM-M520-10, c2d8ded0cdd1
MZ-RM-M520-10, dcd5b2b14712
MZ-RM-M520-10, c18e49893712
MZ-RM-M520-10, c6ffdc6595a1
MZ-RM-M520-10, c7f4e6147dc5
MZ-RM-M520-10, f1599abe0bb8
MZ-RM-M520-10, d75ac4456119
MZ-RM-M520-10, cf9feae07536
MZ-RM-M520-10, c7d30a8f1e37
MZ-RM-M520-10, e7e688458e7c
MZ-RM-M520-10, c287e427dd02
MZ-RM-M520-10, e8c83050980b
MZ-RM-M520-10, eada267a9e45
MZ-RM-M520-10, e0851cf4be8c
MZ-RM-M520-10, dc29380eb21b
MZ-RM-M520-10, e5a15083d66f